<Backups xmlns="http://www.microsoft.com/GroupPolicy/GPOOperations/Manifest" xmlns:mfst="http://www.microsoft.com/GroupPolicy/GPOOperations/Manifest" mfst:version="1.0"><BackupInst><GPOGuid><![CDATA[{552DDB8D-F13C-4949-9713-1F7BF9AFADA2}]]></GPOGuid><GPODomain><![CDATA[Dummy.local]]></GPODomain><GPODomainGuid><![CDATA[{fc48012b-c144-4a82-bba8-4c8d63550428}]]></GPODomainGuid><GPODomainController><![CDATA[DC01.Dummy.local]]></GPODomainController><BackupTime><![CDATA[2023-10-18T11:54:39]]></BackupTime><ID><![CDATA[{20D5FEAE-FFFD-4515-93C7-836D039001B3}]]></ID><Comment><![CDATA[]]></Comment><GPODisplayName><![CDATA[Windows Remote Desktop - CIS v2.0.0 Compliant]]></GPODisplayName></BackupInst></Backups>