<Backups xmlns="http://www.microsoft.com/GroupPolicy/GPOOperations/Manifest" xmlns:mfst="http://www.microsoft.com/GroupPolicy/GPOOperations/Manifest" mfst:version="1.0"><BackupInst><GPOGuid><![CDATA[{552DDB8D-F13C-4949-9713-1F7BF9AFADA2}]]></GPOGuid><GPODomain><![CDATA[Dummy.local]]></GPODomain><GPODomainGuid><![CDATA[{fc48012b-c144-4a82-bba8-4c8d63550428}]]></GPODomainGuid><GPODomainController><![CDATA[DC01.Dummy.local]]></GPODomainController><BackupTime><![CDATA[2023-10-26T11:48:36]]></BackupTime><ID><![CDATA[{92B534B7-4172-4A34-9EF8-7DFBA9E43F4A}]]></ID><Comment><![CDATA[]]></Comment><GPODisplayName><![CDATA[Windows Remote Desktop - CIS v2.0.0 Compliant]]></GPODisplayName></BackupInst></Backups>