<BackupInst xmlns="http://www.microsoft.com/GroupPolicy/GPOOperations/Manifest"><GPOGuid><![CDATA[{8D172616-3F19-405D-92FB-DD6A9188F5B0}]]></GPOGuid><GPODomain><![CDATA[Dummy.local]]></GPODomain><GPODomainGuid><![CDATA[{fc48012b-c144-4a82-bba8-4c8d63550428}]]></GPODomainGuid><GPODomainController><![CDATA[DC01.Dummy.local]]></GPODomainController><BackupTime><![CDATA[2023-10-26T09:22:29]]></BackupTime><ID><![CDATA[{0A84E512-1B21-42EF-BB90-474AB75B9843}]]></ID><Comment><![CDATA[]]></Comment><GPODisplayName><![CDATA[Windows Defender Firewall - Rules - Microsoft SQL Server]]></GPODisplayName></BackupInst>
