<Backups xmlns="http://www.microsoft.com/GroupPolicy/GPOOperations/Manifest" xmlns:mfst="http://www.microsoft.com/GroupPolicy/GPOOperations/Manifest" mfst:version="1.0"><BackupInst><GPOGuid><![CDATA[{533D4AD6-DCAE-4C98-9FA6-D25B63CE1084}]]></GPOGuid><GPODomain><![CDATA[Dummy.local]]></GPODomain><GPODomainGuid><![CDATA[{fc48012b-c144-4a82-bba8-4c8d63550428}]]></GPODomainGuid><GPODomainController><![CDATA[DC01.Dummy.local]]></GPODomainController><BackupTime><![CDATA[2023-10-18T11:54:18]]></BackupTime><ID><![CDATA[{BFFD3512-5E2B-4032-BDA1-4312A147A28B}]]></ID><Comment><![CDATA[]]></Comment><GPODisplayName><![CDATA[Windows Defender Firewall - CIS v2.0.0 Compliant]]></GPODisplayName></BackupInst></Backups>