<Backups xmlns="http://www.microsoft.com/GroupPolicy/GPOOperations/Manifest" xmlns:mfst="http://www.microsoft.com/GroupPolicy/GPOOperations/Manifest" mfst:version="1.0"><BackupInst><GPOGuid><![CDATA[{C564C5C3-9175-4A7C-BAA0-19391552178C}]]></GPOGuid><GPODomain><![CDATA[Dummy.local]]></GPODomain><GPODomainGuid><![CDATA[{fc48012b-c144-4a82-bba8-4c8d63550428}]]></GPODomainGuid><GPODomainController><![CDATA[DC01.Dummy.local]]></GPODomainController><BackupTime><![CDATA[2023-10-18T11:54:52]]></BackupTime><ID><![CDATA[{72373BDD-538D-4545-B2FB-0750A18F0AB5}]]></ID><Comment><![CDATA[]]></Comment><GPODisplayName><![CDATA[Windows Remote Mangement - CIS v2.0.0 Compliant]]></GPODisplayName></BackupInst></Backups>